,total_accuracy,total runtime,total setup time,average solving time,average proposal time,average eval time,peak memory usage
0,0.48,3629.5469366949983,11.5520422369882,139.35401593610018,45.77428153426566,0.6685825269613997,14361945600
1,0.48,3832.8175111209857,11.40075420899666,126.7687537778234,41.57543198344868,0.6723175889116634,14358946816
2,0.38,3445.3575674020103,11.416647103993455,117.08699075766664,38.3462106402683,0.6744514884397439,14065104896
