,total_accuracy,total runtime,total setup time,average solving time,average proposal time,average eval time,peak memory usage
0,0.46,3263.7224424110027,11.493566133998684,84.89840270533709,27.63514127722572,0.6570790410637676,13848572416
1,0.52,3436.4778491369943,10.786404761995072,82.85025156606265,26.949031295788426,0.66032191831738,13847683072
2,0.5,3684.7980293470027,11.710980525997002,81.80701352568663,26.599506750037808,0.6619557737606346,13846458880
