,total_accuracy,total runtime,total setup time,average solving time,average proposal time,average eval time,peak memory usage
0,0.42,2363.742919069002,10.05563390100724,73.91560107607086,23.979876202222542,0.6511585894840932,3033894912
1,0.3,2470.950048244995,10.62160183400556,72.15062560634436,23.40076664631287,0.6419548003023616,3681503232
2,0.38,2331.028069320004,10.414165344991488,70.4346951291494,22.83723027322266,0.6335192982537329,3681789952
