,total_accuracy,total runtime,total setup time,average solving time,average proposal time,average eval time,peak memory usage
0,0.32,2937.1197689360124,11.13225067500025,79.478222111496,25.823234280938696,0.6619554831365676,14279475200
1,0.42,3107.5499571310065,11.026831602997845,77.88291325084907,25.291350779956975,0.6620235532975031,14047437824
2,0.4,2867.0881377400074,11.174239472005866,76.15247309931168,24.714464129239953,0.6621028968315942,14328813056
