,total_accuracy,total runtime,total setup time,average solving time,average proposal time,average eval time,peak memory usage
0,0.32,8106.674633450995,12.724903022986837,161.87833345399906,53.290217001306786,0.6630163124393827,14478656000
1,0.34,8088.811706269989,11.395577500996296,161.71300305376005,53.233337572400536,0.6628099227663673,14457202176
2,0.36,8092.7889068349905,11.215133416990284,161.68560542312645,53.22374112326283,0.6626778325998587,14469533184
