,total_accuracy,total runtime,total setup time,average solving time,average proposal time,average eval time,peak memory usage
0,0.32,6010.722125247004,12.451052801996411,72.52260372371508,23.519303777005057,0.6484688133199477,14437625856
1,0.26,5998.766348372992,10.778619204997085,81.96990776830003,26.665249705315965,0.6512410171492665,14437625856
2,0.34,5980.428711779008,10.629872495002928,88.20748071871344,28.742392033347787,0.6530465110565921,14437625856
