,total_accuracy,total runtime,total setup time,average solving time,average proposal time,average eval time,peak memory usage
0,0.42,5398.020352674997,17.530107439000858,71.93854882057349,22.41281917995353,1.5621928156220626,12986608128
