,total_accuracy,total runtime,total setup time,average solving time,average proposal time,average eval time,peak memory usage
0,0.44,5109.573490682,15.715136848986731,73.56539274444638,22.910259665788875,1.6070200144224993,12986608128
