,total_accuracy,total runtime,total setup time,average solving time,average proposal time,average eval time,peak memory usage
0,0.32,5145.335748604994,16.362873938996927,74.3101107137467,23.187012543744512,1.5785243966154585,12986608128
