,total_accuracy,total runtime,total setup time,average solving time,average proposal time,average eval time,peak memory usage
0,0.36,3390.3183968219996,18.7891153999999,67.42986161368,20.63072493629997,1.8432037874800153,15345230848
