,total_accuracy,total runtime,total setup time,average solving time,average proposal time,average eval time,peak memory usage
0,0.4,813.4813106410002,18.062778626997897,159.08148181379948,49.78655647013317,3.235352027132952,15109637120
