,total_accuracy,total runtime,total setup time,average solving time,average proposal time,average eval time,peak memory usage
0,0.46,3626.6385051950056,19.12435658100003,72.14954966570048,22.047873749166854,1.9993376006335408,15379560960
