,total_accuracy,total runtime,total setup time,average solving time,average proposal time,average eval time,peak memory usage
0,0.0,627.7139296419919,23.9375716640061,12.074782435418165,1.5538430808399184,2.4684065076932895,5936145408
