,total_accuracy,total runtime,total setup time,average solving time,average proposal time,average eval time,peak memory usage
0,0.38,3382.8438607280004,17.842933223000728,67.29928937723955,20.571769750779882,1.8586646483599665,14634687488
