,total_accuracy,total runtime,total setup time,average solving time,average proposal time,average eval time,peak memory usage
0,1.0,237.9657718170056,23.0643194400036,214.894241709997,69.87420895000105,1.7534542023325532,7549330432
