,total_accuracy,total runtime,total setup time,average solving time,average proposal time,average eval time,peak memory usage
0,0.36,8519.331911181001,19.819617101000404,169.98924942052003,53.19884669730672,3.4582080986133708,15717908480
