,total_accuracy,total runtime,total setup time,average solving time,average proposal time,average eval time,peak memory usage
0,0.42,2503.1283878510003,16.094477847000235,58.519657035349844,17.752996491656535,1.7502601381599743,3191929856
