,total_accuracy,total runtime,total setup time,average solving time,average proposal time,average eval time,peak memory usage
0,0.38,2444.739033388003,15.373742779993336,60.17578805894998,18.29753535185315,1.7577314851298675,3335780352
