,total_accuracy,total runtime,total setup time,average solving time,average proposal time,average eval time,peak memory usage
0,0.36,8534.825585576,20.54914576400006,170.28468542943995,53.28617168473993,3.4693667665331667,15705424896
