,total_accuracy,total runtime,total setup time,average solving time,average proposal time,average eval time,peak memory usage
0,0.36,4740.312165042,15.272982416998275,70.51314375465326,21.932249810273213,1.5675949395555493,12986608128
