,total runtime,total setup time,average solving time,average proposal time,average eval time,peak memory usage
0,1609.2750769329978,26.220256619999418,31.66035637013985,8.027884644520284,2.522419844319835,15983939584
