,total_accuracy,total runtime,total setup time,average solving time,average proposal time,average eval time,peak memory usage
0,0.4,418.32731585999863,18.932872179997503,79.87698276040028,25.52421235319974,1.099120582267157,12978088448
