,total_accuracy,total runtime,total setup time,average solving time,average proposal time,average eval time,peak memory usage
0,0.48,3606.105650215992,17.82210993798799,71.76493540843978,22.049359726273494,1.869542201346776,15348950016
