,total_accuracy,total runtime,total setup time,average solving time,average proposal time,average eval time,peak memory usage
0,0.0,214.61139552399982,45.25130091099709,36.097559108329804,10.088780836261673,1.9391463807286102,14179190784
