,total_accuracy,total runtime,total setup time,average solving time,average proposal time,average eval time,peak memory usage
0,0.44,2451.007799469997,14.406886860000668,54.103253113830284,16.31565966547045,1.715469915477006,3354258944
