,total_accuracy,total runtime,total setup time,average solving time,average proposal time,average eval time,peak memory usage
0,0.38,2331.028069320004,10.414165344991488,70.4346951291494,22.83723027322266,0.6335192982537329,3681789952
