,total_accuracy,total runtime,total setup time,average solving time,average proposal time,average eval time,peak memory usage
0,0.4,5521.10878390001,19.2017346299981,140.2058678267109,44.355270174629936,2.3734329038899644,7886185472
