,total_accuracy,total runtime,total setup time,average solving time,average proposal time,average eval time,peak memory usage
0,0.52,3731.767602235999,15.690419530001236,70.74578651728018,21.58341984225681,1.9931166603067323,15289952256
