,total_accuracy,total runtime,total setup time,average solving time,average proposal time,average eval time,peak memory usage
0,0.34,8538.027009427002,19.26482016699447,170.37437946652034,53.30632151067325,3.479113369146459,15744788992
