,total_accuracy,total runtime,total setup time,average solving time,average proposal time,average eval time,peak memory usage
0,0.4,2992.010755373005,18.21767762300442,59.475138290340254,18.002260586686994,1.8201346852534335,14721120768
