,total runtime,total setup time,average solving time,average proposal time,average eval time,peak memory usage
0,2320.7337444990007,25.463927106000483,45.904669674180184,12.689160688306535,2.6089166288600607,4242105856
