,total_accuracy,total runtime,total setup time,average solving time,average proposal time,average eval time,peak memory usage
0,0.36,3526.8301810949924,17.189849678004975,70.19207861536124,21.454036525560078,1.9405799619201571,15039087104
