,total_accuracy,total runtime,total setup time,average solving time,average proposal time,average eval time,peak memory usage
0,0.4,2446.3552938020002,14.93933366300189,59.40985927262009,18.009186418133467,1.790771044913757,3492746240
