,total_accuracy,total runtime,total setup time,average solving time,average proposal time,average eval time,peak memory usage
0,0.5,339.61157254399586,18.49414302600053,160.55461462799576,50.25897813033589,3.254008326498782,15077506560
