,total_accuracy,total runtime,total setup time,average solving time,average proposal time,average eval time,peak memory usage
0,0.56,4613.130892757006,15.279081253000186,54.49804108590995,17.602423373625005,0.5579311270749168,7245365248
1,0.54,4239.128536461001,13.53165041700413,60.500696461591886,19.582653283429377,0.5783740315465451,7245365248
2,0.6,5034.8568468520025,13.680771068000467,67.15439545270993,21.785247516659975,0.5935041195421299,7246692864
