,total_accuracy,total runtime,total setup time,average solving time,average proposal time,average eval time,peak memory usage
0,0.42,4745.519970907,13.145882493001409,71.94795527685626,23.33888159956,0.6363094724532948,7667239936
1,0.38,5205.7637082729925,12.15323368999816,73.82581656347763,23.962421525978797,0.6387110207811502,7560071168
2,0.4,4726.522158927997,12.107179776998237,74.96258677808777,24.339201698054424,0.6408342567414419,7461989888
