,total_accuracy,total runtime,total setup time,average solving time,average proposal time,average eval time,peak memory usage
0,0.48,2185.466499682003,11.905458090997854,43.47059283836003,13.961645969506645,0.5254658835266067,2755599360
1,0.46,2009.3885037779983,9.599450419998902,41.732875163830066,13.385931720586631,0.5203427489633395,3680872448
2,0.4,2138.5281727229994,9.996952214001794,42.01191702441324,13.478059509639966,0.5205495551333944,3681265664
