,total_accuracy,total runtime,total setup time,average solving time,average proposal time,average eval time,peak memory usage
0,0.54,2791.431625162004,11.576148954001837,55.59647570987974,17.886049689493618,0.6430045078399417,13810982912
1,0.5,2847.790576461004,11.312888237996958,56.162703182520126,18.071105422346687,0.6450529237300604,13811880448
2,0.54,2900.906116035003,10.863955471002555,56.70853934391324,18.253383980462257,0.6439817289110862,13813527040
