,total_accuracy,total runtime,total setup time,average solving time,average proposal time,average eval time,peak memory usage
0,0.38,3445.3575674020103,11.416647103993455,117.08699075766664,38.3462106402683,0.6744514884397439,14065104896
