,total_accuracy,total runtime,total setup time,average solving time,average proposal time,average eval time,peak memory usage
0,0.34,5980.428711779008,10.629872495002928,88.20748071871344,28.742392033347787,0.6530465110565921,14437625856
