,total_accuracy,total runtime,total setup time,average solving time,average proposal time,average eval time,peak memory usage
0,0.4,4726.522158927997,12.107179776998237,74.96258677808777,24.339201698054424,0.6408342567414419,7461989888
