,total_accuracy,total runtime,total setup time,average solving time,average proposal time,average eval time,peak memory usage
0,0.54,2900.906116035003,10.863955471002555,56.70853934391324,18.253383980462257,0.6439817289110862,13813527040
