,total_accuracy,total runtime,total setup time,average solving time,average proposal time,average eval time,peak memory usage
0,0.5,3684.7980293470027,11.710980525997002,81.80701352568663,26.599506750037808,0.6619557737606346,13846458880
