,total_accuracy,total runtime,total setup time,average solving time,average proposal time,average eval time,peak memory usage
0,0.4,2867.0881377400074,11.174239472005866,76.15247309931168,24.714464129239953,0.6621028968315942,14328813056
