,total_accuracy,total runtime,total setup time,average solving time,average proposal time,average eval time,peak memory usage
0,0.36,8092.7889068349905,11.215133416990284,161.68560542312645,53.22374112326283,0.6626778325998587,14469533184
