,total_accuracy,total runtime,total setup time,average solving time,average proposal time,average eval time,peak memory usage
0,0.6,5034.8568468520025,13.680771068000467,67.15439545270993,21.785247516659975,0.5935041195421299,7246692864
