,total_accuracy,total runtime,total setup time,average solving time,average proposal time,average eval time,peak memory usage
0,0.4,2138.5281727229994,9.996952214001794,42.01191702441324,13.478059509639966,0.5205495551333944,3681265664
